ticket_id,theme,issue_summary,root_cause,recommended_action,confidence,evidence
TK-250098,ERROR,,,,low,"Error code: 404 - {'error': {'message': 'The model `llama-3.1-8b-instant` does not exist or you do not have access to it.', 'type': 'invalid_request_error', 'code': 'model_not_found'}}"
TK-249303,ERROR,,,,low,"Error code: 404 - {'error': {'message': 'The model `llama-3.1-8b-instant` does not exist or you do not have access to it.', 'type': 'invalid_request_error', 'code': 'model_not_found'}}"
TK-251010,ERROR,,,,low,"Error code: 404 - {'error': {'message': 'The model `llama-3.1-8b-instant` does not exist or you do not have access to it.', 'type': 'invalid_request_error', 'code': 'model_not_found'}}"
TK-243113,ERROR,,,,low,"Error code: 404 - {'error': {'message': 'The model `llama-3.1-8b-instant` does not exist or you do not have access to it.', 'type': 'invalid_request_error', 'code': 'model_not_found'}}"
TK-242752,ERROR,,,,low,"Error code: 404 - {'error': {'message': 'The model `llama-3.1-8b-instant` does not exist or you do not have access to it.', 'type': 'invalid_request_error', 'code': 'model_not_found'}}"
TK-252627,ERROR,,,,low,"Error code: 404 - {'error': {'message': 'The model `llama-3.1-8b-instant` does not exist or you do not have access to it.', 'type': 'invalid_request_error', 'code': 'model_not_found'}}"
TK-250140,ERROR,,,,low,"Error code: 404 - {'error': {'message': 'The model `llama-3.1-8b-instant` does not exist or you do not have access to it.', 'type': 'invalid_request_error', 'code': 'model_not_found'}}"
TK-250106,ERROR,,,,low,"Error code: 404 - {'error': {'message': 'The model `llama-3.1-8b-instant` does not exist or you do not have access to it.', 'type': 'invalid_request_error', 'code': 'model_not_found'}}"
TK-246078,ERROR,,,,low,"Error code: 404 - {'error': {'message': 'The model `llama-3.1-8b-instant` does not exist or you do not have access to it.', 'type': 'invalid_request_error', 'code': 'model_not_found'}}"
TK-249892,ERROR,,,,low,"Error code: 404 - {'error': {'message': 'The model `llama-3.1-8b-instant` does not exist or you do not have access to it.', 'type': 'invalid_request_error', 'code': 'model_not_found'}}"
TK-253589,ERROR,,,,low,"Error code: 404 - {'error': {'message': 'The model `llama-3.1-8b-instant` does not exist or you do not have access to it.', 'type': 'invalid_request_error', 'code': 'model_not_found'}}"
TK-244852,ERROR,,,,low,"Error code: 404 - {'error': {'message': 'The model `llama-3.1-8b-instant` does not exist or you do not have access to it.', 'type': 'invalid_request_error', 'code': 'model_not_found'}}"
TK-252867,ERROR,,,,low,"Error code: 404 - {'error': {'message': 'The model `llama-3.1-8b-instant` does not exist or you do not have access to it.', 'type': 'invalid_request_error', 'code': 'model_not_found'}}"
TK-246093,ERROR,,,,low,"Error code: 404 - {'error': {'message': 'The model `llama-3.1-8b-instant` does not exist or you do not have access to it.', 'type': 'invalid_request_error', 'code': 'model_not_found'}}"
TK-246033,ERROR,,,,low,"Error code: 404 - {'error': {'message': 'The model `llama-3.1-8b-instant` does not exist or you do not have access to it.', 'type': 'invalid_request_error', 'code': 'model_not_found'}}"
TK-252472,ERROR,,,,low,"Error code: 404 - {'error': {'message': 'The model `llama-3.1-8b-instant` does not exist or you do not have access to it.', 'type': 'invalid_request_error', 'code': 'model_not_found'}}"
TK-248051,ERROR,,,,low,"Error code: 404 - {'error': {'message': 'The model `llama-3.1-8b-instant` does not exist or you do not have access to it.', 'type': 'invalid_request_error', 'code': 'model_not_found'}}"
TK-243725,ERROR,,,,low,"Error code: 404 - {'error': {'message': 'The model `llama-3.1-8b-instant` does not exist or you do not have access to it.', 'type': 'invalid_request_error', 'code': 'model_not_found'}}"
TK-247791,ERROR,,,,low,"Error code: 404 - {'error': {'message': 'The model `llama-3.1-8b-instant` does not exist or you do not have access to it.', 'type': 'invalid_request_error', 'code': 'model_not_found'}}"
TK-251153,ERROR,,,,low,"Error code: 404 - {'error': {'message': 'The model `llama-3.1-8b-instant` does not exist or you do not have access to it.', 'type': 'invalid_request_error', 'code': 'model_not_found'}}"
TK-245040,ERROR,,,,low,"Error code: 404 - {'error': {'message': 'The model `llama-3.1-8b-instant` does not exist or you do not have access to it.', 'type': 'invalid_request_error', 'code': 'model_not_found'}}"
TK-241279,ERROR,,,,low,"Error code: 404 - {'error': {'message': 'The model `llama-3.1-8b-instant` does not exist or you do not have access to it.', 'type': 'invalid_request_error', 'code': 'model_not_found'}}"
TK-252080,ERROR,,,,low,"Error code: 404 - {'error': {'message': 'The model `llama-3.1-8b-instant` does not exist or you do not have access to it.', 'type': 'invalid_request_error', 'code': 'model_not_found'}}"
TK-249819,ERROR,,,,low,"Error code: 404 - {'error': {'message': 'The model `llama-3.1-8b-instant` does not exist or you do not have access to it.', 'type': 'invalid_request_error', 'code': 'model_not_found'}}"
TK-249251,ERROR,,,,low,"Error code: 404 - {'error': {'message': 'The model `llama-3.1-8b-instant` does not exist or you do not have access to it.', 'type': 'invalid_request_error', 'code': 'model_not_found'}}"
TK-252432,ERROR,,,,low,"Error code: 404 - {'error': {'message': 'The model `llama-3.1-8b-instant` does not exist or you do not have access to it.', 'type': 'invalid_request_error', 'code': 'model_not_found'}}"
TK-247751,ERROR,,,,low,"Error code: 404 - {'error': {'message': 'The model `llama-3.1-8b-instant` does not exist or you do not have access to it.', 'type': 'invalid_request_error', 'code': 'model_not_found'}}"
TK-243316,ERROR,,,,low,"Error code: 404 - {'error': {'message': 'The model `llama-3.1-8b-instant` does not exist or you do not have access to it.', 'type': 'invalid_request_error', 'code': 'model_not_found'}}"
TK-244182,ERROR,,,,low,"Error code: 404 - {'error': {'message': 'The model `llama-3.1-8b-instant` does not exist or you do not have access to it.', 'type': 'invalid_request_error', 'code': 'model_not_found'}}"
TK-245861,ERROR,,,,low,"Error code: 404 - {'error': {'message': 'The model `llama-3.1-8b-instant` does not exist or you do not have access to it.', 'type': 'invalid_request_error', 'code': 'model_not_found'}}"
